10.4038,"22/9/2017 2:29:38"
10.4038,"22/9/2017 2:29:40"
10.4038,"22/9/2017 2:29:42"
10.4038,"22/9/2017 2:29:42"
10.4038,"22/9/2017 2:29:42"
10.4038,"22/9/2017 2:29:43"
10.4038,"22/9/2017 2:29:44"
10.4038,"22/9/2017 2:29:45"
10.4038,"22/9/2017 2:29:46"
10.4038,"22/9/2017 2:29:48"
10.4038,"22/9/2017 2:29:50"
10.4038,"22/9/2017 2:29:50"
10.4038,"22/9/2017 2:29:50"
10.4038,"22/9/2017 2:29:51"
10.4038,"22/9/2017 2:29:53"
10.4038,"22/9/2017 2:29:54"
10.4038,"22/9/2017 2:29:55"
10.4038,"22/9/2017 2:29:55"
10.4038,"22/9/2017 2:29:56"
10.4038,"22/9/2017 2:29:58"
10.4038,"22/9/2017 2:30:0"
10.4038,"22/9/2017 2:30:0"
10.4038,"22/9/2017 2:30:2"
10.4038,"22/9/2017 2:30:2"
10.4038,"22/9/2017 2:30:3"
10.4038,"22/9/2017 2:30:3"
10.4038,"22/9/2017 2:30:4"
10.4038,"22/9/2017 2:30:40"
10.4038,"22/9/2017 2:30:40"
10.4038,"22/9/2017 2:30:40"
10.4038,"22/9/2017 2:30:41"
10.4038,"22/9/2017 2:30:43"
10.4038,"22/9/2017 2:30:44"
10.4038,"22/9/2017 2:30:44"
10.4038,"22/9/2017 2:30:45"
10.4038,"22/9/2017 2:30:46"
10.4038,"22/9/2017 2:30:48"
10.4038,"22/9/2017 2:30:48"
10.4038,"22/9/2017 2:30:50"
10.4038,"22/9/2017 2:30:50"
10.4038,"22/9/2017 2:30:51"
10.4038,"22/9/2017 2:30:53"
10.4038,"22/9/2017 2:30:53"
10.4038,"22/9/2017 2:30:54"
10.4038,"22/9/2017 2:30:57"
10.4038,"22/9/2017 2:30:58"
10.4038,"22/9/2017 2:30:58"
10.4038,"22/9/2017 2:30:58"
10.4038,"22/9/2017 2:30:59"
10.4038,"22/9/2017 2:31:2"
10.4038,"22/9/2017 2:31:3"
10.4038,"22/9/2017 2:31:3"
10.4038,"22/9/2017 2:31:4"
10.4038,"22/9/2017 2:31:5"
10.4038,"22/9/2017 2:31:5"
10.4038,"22/9/2017 2:31:7"
10.4038,"22/9/2017 2:31:8"
10.371,"22/9/2017 2:31:35"
10.371,"22/9/2017 2:31:36"
10.371,"22/9/2017 2:31:37"
10.371,"22/9/2017 2:31:37"
10.371,"22/9/2017 2:31:39"
10.371,"22/9/2017 2:31:40"
10.371,"22/9/2017 2:31:43"
10.371,"22/9/2017 2:31:43"
10.371,"22/9/2017 2:31:43"
10.371,"22/9/2017 2:31:44"
10.371,"22/9/2017 2:31:47"
10.371,"22/9/2017 2:31:47"
10.371,"22/9/2017 2:31:47"
10.371,"22/9/2017 2:31:48"
10.371,"22/9/2017 2:31:49"
10.371,"22/9/2017 2:31:52"
10.371,"22/9/2017 2:31:52"
10.371,"22/9/2017 2:31:52"
10.371,"22/9/2017 2:31:53"
10.371,"22/9/2017 2:31:55"
10.371,"22/9/2017 2:31:56"
10.371,"22/9/2017 2:31:56"
10.371,"22/9/2017 2:31:57"
10.371,"22/9/2017 2:31:59"
10.371,"22/9/2017 2:32:0"
10.371,"22/9/2017 2:32:0"
10.371,"22/9/2017 2:32:1"
10.371,"22/9/2017 2:32:4"
10.371,"22/9/2017 2:32:4"
10.371,"22/9/2017 2:32:4"
10.371,"22/9/2017 2:32:5"
10.371,"22/9/2017 2:32:6"
10.371,"22/9/2017 2:32:7"
10.371,"22/9/2017 2:32:34"
10.371,"22/9/2017 2:32:34"
10.371,"22/9/2017 2:32:35"
10.371,"22/9/2017 2:32:36"
10.371,"22/9/2017 2:32:37"
10.371,"22/9/2017 2:32:38"
10.371,"22/9/2017 2:32:39"
10.371,"22/9/2017 2:32:41"
10.371,"22/9/2017 2:32:41"
10.371,"22/9/2017 2:32:42"
10.371,"22/9/2017 2:32:45"
10.371,"22/9/2017 2:32:45"
10.371,"22/9/2017 2:32:45"
10.371,"22/9/2017 2:32:46"
10.371,"22/9/2017 2:32:47"
10.371,"22/9/2017 2:32:48"
10.371,"22/9/2017 2:32:49"
10.371,"22/9/2017 2:32:50"
10.371,"22/9/2017 2:32:51"
10.371,"22/9/2017 2:32:52"
10.371,"22/9/2017 2:32:53"
10.371,"22/9/2017 2:32:54"
10.371,"22/9/2017 2:32:55"
10.371,"22/9/2017 2:32:57"
10.371,"22/9/2017 2:32:58"
10.371,"22/9/2017 2:32:58"
10.371,"22/9/2017 2:32:59"
10.371,"22/9/2017 2:33:1"
10.371,"22/9/2017 2:33:1"
10.371,"22/9/2017 2:33:2"
10.371,"22/9/2017 2:33:3"
10.371,"22/9/2017 2:33:4"
10.371,"22/9/2017 2:33:5"
10.371,"22/9/2017 2:33:6"
10.371,"22/9/2017 2:33:7"
10.371,"22/9/2017 2:33:8"
10.371,"22/9/2017 2:33:9"
10.371,"22/9/2017 2:33:36"
10.371,"22/9/2017 2:33:36"
10.371,"22/9/2017 2:33:36"
10.371,"22/9/2017 2:33:39"
10.371,"22/9/2017 2:33:40"
10.371,"22/9/2017 2:33:40"
10.371,"22/9/2017 2:33:40"
10.371,"22/9/2017 2:33:41"
10.371,"22/9/2017 2:33:42"
10.371,"22/9/2017 2:33:43"
10.371,"22/9/2017 2:33:46"
10.371,"22/9/2017 2:33:46"
10.371,"22/9/2017 2:33:47"
10.371,"22/9/2017 2:33:47"
10.371,"22/9/2017 2:33:48"
10.371,"22/9/2017 2:33:49"
10.371,"22/9/2017 2:33:50"
10.371,"22/9/2017 2:33:53"
10.371,"22/9/2017 2:33:53"
10.371,"22/9/2017 2:33:53"
10.371,"22/9/2017 2:33:54"
10.371,"22/9/2017 2:33:55"
10.371,"22/9/2017 2:33:56"
10.371,"22/9/2017 2:33:58"
10.371,"22/9/2017 2:33:58"
10.371,"22/9/2017 2:34:0"
10.371,"22/9/2017 2:34:2"
10.371,"22/9/2017 2:34:2"
10.371,"22/9/2017 2:34:2"
10.371,"22/9/2017 2:34:4"
10.371,"22/9/2017 2:34:4"
10.371,"22/9/2017 2:34:7"
10.371,"22/9/2017 2:34:7"
10.371,"22/9/2017 2:34:7"
10.371,"22/9/2017 2:34:8"
10.371,"22/9/2017 2:34:9"
10.371,"22/9/2017 2:34:10"
10.371,"22/9/2017 2:34:37"
10.371,"22/9/2017 2:34:37"
10.371,"22/9/2017 2:34:37"
10.371,"22/9/2017 2:34:38"
10.371,"22/9/2017 2:34:39"
10.371,"22/9/2017 2:34:42"
10.371,"22/9/2017 2:34:42"
10.371,"22/9/2017 2:34:42"
10.371,"22/9/2017 2:34:43"
10.371,"22/9/2017 2:34:44"
10.371,"22/9/2017 2:34:46"
10.371,"22/9/2017 2:34:46"
10.371,"22/9/2017 2:34:47"
10.371,"22/9/2017 2:34:48"
10.371,"22/9/2017 2:34:49"
10.371,"22/9/2017 2:34:51"
10.371,"22/9/2017 2:34:51"
10.371,"22/9/2017 2:34:52"
10.371,"22/9/2017 2:34:53"
10.371,"22/9/2017 2:34:54"
10.371,"22/9/2017 2:34:55"
10.371,"22/9/2017 2:34:56"
10.371,"22/9/2017 2:34:57"
10.371,"22/9/2017 2:34:59"
10.371,"22/9/2017 2:34:59"
10.371,"22/9/2017 2:35:0"
10.371,"22/9/2017 2:35:1"
10.371,"22/9/2017 2:35:4"
10.371,"22/9/2017 2:35:33"
10.371,"22/9/2017 2:35:34"
10.371,"22/9/2017 2:35:35"
10.371,"22/9/2017 2:35:36"
10.371,"22/9/2017 2:35:37"
10.371,"22/9/2017 2:35:39"
10.371,"22/9/2017 2:35:40"
10.371,"22/9/2017 2:35:40"
10.371,"22/9/2017 2:35:41"
10.371,"22/9/2017 2:35:44"
10.371,"22/9/2017 2:35:44"
10.371,"22/9/2017 2:35:44"
10.371,"22/9/2017 2:35:45"
10.371,"22/9/2017 2:35:47"
10.371,"22/9/2017 2:35:48"
10.371,"22/9/2017 2:35:49"
10.371,"22/9/2017 2:35:49"
10.371,"22/9/2017 2:35:50"
10.371,"22/9/2017 2:35:51"
10.371,"22/9/2017 2:35:52"
10.371,"22/9/2017 2:35:53"
10.371,"22/9/2017 2:35:54"
10.371,"22/9/2017 2:35:55"
10.371,"22/9/2017 2:35:58"
10.371,"22/9/2017 2:35:58"
10.371,"22/9/2017 2:35:58"
10.371,"22/9/2017 2:35:59"
10.371,"22/9/2017 2:36:0"
10.371,"22/9/2017 2:36:2"
10.371,"22/9/2017 2:36:2"
10.371,"22/9/2017 2:36:3"
10.371,"22/9/2017 2:36:6"
10.371,"22/9/2017 2:36:7"
10.371,"22/9/2017 2:36:7"
10.371,"22/9/2017 2:36:7"
10.371,"22/9/2017 2:36:8"
10.4051,"22/9/2017 2:36:37"
10.4051,"22/9/2017 2:36:38"
10.4051,"22/9/2017 2:36:39"
10.4051,"22/9/2017 2:36:40"
10.4051,"22/9/2017 2:36:40"
10.4051,"22/9/2017 2:36:41"
10.4051,"22/9/2017 2:36:42"
10.4051,"22/9/2017 2:36:43"
10.4051,"22/9/2017 2:36:44"
10.4051,"22/9/2017 2:36:45"
10.4051,"22/9/2017 2:36:48"
10.4051,"22/9/2017 2:36:48"
10.4051,"22/9/2017 2:36:48"
10.4051,"22/9/2017 2:36:50"
10.4051,"22/9/2017 2:36:50"
10.4051,"22/9/2017 2:36:52"
10.4051,"22/9/2017 2:36:53"
10.4051,"22/9/2017 2:36:53"
10.4051,"22/9/2017 2:36:54"
10.4051,"22/9/2017 2:36:55"
10.4051,"22/9/2017 2:36:56"
10.4051,"22/9/2017 2:36:57"
10.4051,"22/9/2017 2:36:59"
10.4051,"22/9/2017 2:37:1"
10.4051,"22/9/2017 2:37:1"
10.4051,"22/9/2017 2:37:1"
10.4051,"22/9/2017 2:37:2"
10.4051,"22/9/2017 2:37:4"
10.4051,"22/9/2017 2:37:4"
10.4051,"22/9/2017 2:37:6"
10.4051,"22/9/2017 2:37:6"
10.4051,"22/9/2017 2:37:35"
10.4051,"22/9/2017 2:37:36"
10.4051,"22/9/2017 2:37:37"
10.4051,"22/9/2017 2:37:38"
10.4051,"22/9/2017 2:37:41"
10.4051,"22/9/2017 2:37:41"
10.4051,"22/9/2017 2:37:41"
10.4051,"22/9/2017 2:37:42"
10.4051,"22/9/2017 2:37:43"
10.4051,"22/9/2017 2:37:44"
10.4051,"22/9/2017 2:37:45"
10.4051,"22/9/2017 2:37:46"
10.4051,"22/9/2017 2:37:47"
10.4051,"22/9/2017 2:37:48"
10.4051,"22/9/2017 2:37:50"
10.4051,"22/9/2017 2:37:50"
10.4051,"22/9/2017 2:37:51"
10.4051,"22/9/2017 2:37:52"
10.4051,"22/9/2017 2:37:54"
10.4051,"22/9/2017 2:37:54"
10.4051,"22/9/2017 2:37:55"
10.4051,"22/9/2017 2:37:57"
10.4051,"22/9/2017 2:37:57"
10.4051,"22/9/2017 2:37:58"
10.4051,"22/9/2017 2:37:59"
10.4051,"22/9/2017 2:38:0"
10.4051,"22/9/2017 2:38:1"
10.4051,"22/9/2017 2:38:4"
10.4051,"22/9/2017 2:38:4"
10.4051,"22/9/2017 2:38:4"
10.4051,"22/9/2017 2:38:5"
10.4051,"22/9/2017 2:38:6"
10.4051,"22/9/2017 2:38:34"
10.4051,"22/9/2017 2:38:35"
10.4051,"22/9/2017 2:38:36"
10.4051,"22/9/2017 2:38:36"
10.4051,"22/9/2017 2:38:37"
10.4051,"22/9/2017 2:38:38"
10.4051,"22/9/2017 2:38:39"
10.4051,"22/9/2017 2:38:40"
10.4051,"22/9/2017 2:38:41"
10.4051,"22/9/2017 2:38:43"
10.4051,"22/9/2017 2:38:44"
10.4051,"22/9/2017 2:38:44"
10.4051,"22/9/2017 2:38:45"
10.4051,"22/9/2017 2:38:46"
10.4051,"22/9/2017 2:38:47"
10.4051,"22/9/2017 2:38:48"
10.4051,"22/9/2017 2:38:49"
10.4051,"22/9/2017 2:38:50"
10.4051,"22/9/2017 2:38:51"
10.4051,"22/9/2017 2:38:52"
10.4051,"22/9/2017 2:38:53"
10.4051,"22/9/2017 2:38:54"
10.4051,"22/9/2017 2:38:56"
10.4051,"22/9/2017 2:38:58"
10.4051,"22/9/2017 2:38:58"
10.4051,"22/9/2017 2:38:58"
10.4051,"22/9/2017 2:38:59"
10.4051,"22/9/2017 2:39:0"
10.4051,"22/9/2017 2:39:1"
10.4051,"22/9/2017 2:39:2"
10.4051,"22/9/2017 2:39:3"
10.4051,"22/9/2017 2:39:5"
10.4051,"22/9/2017 2:39:6"
10.4051,"22/9/2017 2:39:7"
10.4051,"22/9/2017 2:39:7"
10.4051,"22/9/2017 2:39:8"
10.4051,"22/9/2017 2:39:33"
10.4051,"22/9/2017 2:39:34"
10.4051,"22/9/2017 2:39:36"
10.4051,"22/9/2017 2:39:36"
10.4051,"22/9/2017 2:39:37"
10.4051,"22/9/2017 2:39:39"
10.4051,"22/9/2017 2:39:40"
10.4051,"22/9/2017 2:39:40"
10.4051,"22/9/2017 2:39:41"
10.4051,"22/9/2017 2:39:42"
10.4051,"22/9/2017 2:39:44"
10.4051,"22/9/2017 2:39:44"
10.4051,"22/9/2017 2:39:45"
10.4051,"22/9/2017 2:39:47"
10.4051,"22/9/2017 2:39:48"
10.4051,"22/9/2017 2:39:48"
10.4051,"22/9/2017 2:39:49"
10.4051,"22/9/2017 2:39:50"
10.4051,"22/9/2017 2:39:53"
10.4051,"22/9/2017 2:39:53"
10.4051,"22/9/2017 2:39:53"
